{
    "55-com": 1.7058823529411764,
    "abcc": 2.4901960784313726,
    "alterdice": 2.25,
    "bbx": 1.6666666666666667,
    "bcex": 2.5294117647058822,
    "bhex": 2.230769230769231,
    "bibox": 2.6216216216216215,
    "bigone": 2.639344262295082,
    "biki": 2.5813953488372094,
    "bilaxy": 2.872611464968153,
    "binance": 2.555,
    "bit-z": 2.8324022346368714,
    "bitasset": 2.168831168831169,
    "bitbank": 1.5,
    "bitbay": 2.2470588235294118,
    "bitfinex": 2.675,
    "bitflyer": 1,
    "bitforex": 2.744186046511628,
    "bithumb-global": 2.7017543859649122,
    "bithumb": 2.673469387755102,
    "bitinka": 2.155844155844156,
    "bitlish": 1.4242424242424243,
    "bitmart": 2.6,
    "bitmax": 2.6,
    "bitrabbit": 2.4054054054054053,
    "bitrue": 2.4404761904761907,
    "bitstamp": 1,
    "bittrex": 2.6875,
    "bitubu": 2.0526315789473686,
    "bkex": 2.45679012345679,
    "btc-alpha": 2.7235772357723578,
    "bw-com": 2.4105263157894736,
    "catex": 2.128712871287129,
    "cbx": 2,
    "chainx": 2.6842105263157894,
    "chaoex": 2.352112676056338,
    "coinall": 2.664,
    "coinbase-pro": 1,
    "coinbene": 2.769585253456221,
    "coinbit": 2.408450704225352,
    "coindeal": 2.276595744680851,
    "coineal": 2.4054054054054053,
    "coinegg": 2.6615384615384614,
    "coinex": 2.427230046948357,
    "coinfield": 1.290909090909091,
    "coinhe": 1.9166666666666667,
    "coinlim": 2.625,
    "coinmex": 2.1515151515151514,
    "coinone": 2.5,
    "coinsbit": 2.53125,
    "coinsuper": 2.5280898876404496,
    "cointiger": 2.642384105960265,
    "cryptonex": 1.7777777777777777,
    "dcoin": 2.5492957746478875,
    "digifinex": 2.748743718592965,
    "dobi-exchange": 2.2142857142857144,
    "dragonex": 2.7281553398058254,
    "exmo": 2.7281553398058254,
    "exrates": 2.5245901639344264,
    "extstock": 1,
    "fatbtc": 2.4029850746268657,
    "folgory": 1.0689655172413792,
    "gate-io": 2.7738693467336684,
    "hanbitco": 2.037037037037037,
    "hcoin": 2.3333333333333335,
    "hitbtc": 2.3333333333333335,
    "hotbit": 2.835,
    "hubi": 1.9142857142857144,
    "huobi-global": 2.74,
    "huobi-korea": 2.77,
    "huobi-russia": 2.441860465116279,
    "idax": 2.8095238095238093,
    "idcm": 2.5492957746478875,
    "kraken": 1.7676767676767677,
    "kryptono": 2.3333333333333335,
    "kucoin": 2.74,
    "lakebtc": 1,
    "latoken": 2.3333333333333335,
    "lbank": 2.7142857142857144,
    "livecoin": 2.785016286644951,
    "mxc": 2.791907514450867,
    "oceanex": 2.253731343283582,
    "okex-korea": 2.6134453781512605,
    "okex": 2.685,
    "p2pb2b": 2.769230769230769,
    "paybito": 1.4285714285714286,
    "poloniex": 2.0105263157894737,
    "probit-exchange": 2.6216216216216215,
    "rightbtc": 1.6666666666666667,
    "shortex": 2.411764705882353,
    "simex": 2.5,
    "sistemkoin": 2.653958944281525,
    "tidebit": 1.5714285714285714,
    "tokok": 2.4246575342465753,
    "upbit": 2.3333333333333335,
    "vindax": 2.44954128440367,
    "whitebit": 2.1724137931034484,
    "yobit": 2.865,
    "yunex": 2.090909090909091,
    "zb-com": 2.4390243902439024
}
